classe,numero,incidente_id,descricao,andamento_data,andamento_nome,destinatarios,url
AC,4430,5749422,operação Fernando Bezerra Coelho,06/04/2020,Vista à PGR para fins de intimação,imcamilafranco@gmail.com,http://portal.stf.jus.br/processos/abaAndamentos.asp?incidente=5749422
AC,4431,5749425,operação Fernando Bezerra Coelho,01/10/2019,Expedido(a),imcamilafranco@gmail.com,http://portal.stf.jus.br/processos/abaAndamentos.asp?incidente=5749425
AC,4432,5749427,operação Fernando Bezerra Coelho,01/10/2019,Expedido(a),imcamilafranco@gmail.com,http://portal.stf.jus.br/processos/abaAndamentos.asp?incidente=5749427
AC,4433,5749429,operação Fernando Bezerra Coelho,25/11/2019,Petição,imcamilafranco@gmail.com,http://portal.stf.jus.br/processos/abaAndamentos.asp?incidente=5749429
AC,4437,5775335,Collor,20/03/2020,Expedido(a),imcamilafranco@gmail.com,http://portal.stf.jus.br/processos/abaAndamentos.asp?incidente=5775335
ACO,158,1432955,ação de 77 uma das mais antigas,20/03/2020,"Ata de Julgamento Publicada, DJE",imcamilafranco@gmail.com,http://portal.stf.jus.br/processos/abaAndamentos.asp?incidente=1432955
ADC,43,4986065,prisão em segunda instância,09/01/2020,Juntada de AR,imcamilafranco@gmail.com,http://portal.stf.jus.br/processos/abaAndamentos.asp?incidente=4986065
ADC,44,4986729,prisão em segunda instância,17/12/2019,Juntada de AR,imcamilafranco@gmail.com,http://portal.stf.jus.br/processos/abaAndamentos.asp?incidente=4986729
ADC,54,5440576,prisão em segunda instância,17/12/2019,Juntada de AR,imcamilafranco@gmail.com,http://portal.stf.jus.br/processos/abaAndamentos.asp?incidente=5440576
ADI,3406,2272225,Sama,06/04/2020,Pauta publicada no DJE - Plenário,imcamilafranco@gmail.com,http://portal.stf.jus.br/processos/abaAndamentos.asp?incidente=2272225
ADI,4917,4379376,Royalties do petróleo Rio,08/04/2020,Petição,imcamilafranco@gmail.com,http://portal.stf.jus.br/processos/abaAndamentos.asp?incidente=4379376
ADI,5090,4528066,correção poupança pela inflação,20/02/2020,Conclusos ao(à) Relator(a),imcamilafranco@gmail.com,http://portal.stf.jus.br/processos/abaAndamentos.asp?incidente=4528066
ADI,5581,5037704,Aborto em caso de Zika,21/02/2020,Retirado de mesa,imcamilafranco@gmail.com,http://portal.stf.jus.br/processos/abaAndamentos.asp?incidente=5037704
ADI,5708,5193491,uso maconha fins medicinais,18/12/2019,Conclusos ao(à) Relator(a),imcamilafranco@gmail.com,http://portal.stf.jus.br/processos/abaAndamentos.asp?incidente=5193491
ADI,5956,5481962,Frete,07/04/2020,Despacho,imcamilafranco@gmail.com,http://portal.stf.jus.br/processos/abaAndamentos.asp?incidente=5481962
ADI,5959,5485876,Frete,07/04/2020,Despacho,imcamilafranco@gmail.com,http://portal.stf.jus.br/processos/abaAndamentos.asp?incidente=5485876
ADI,6119,5674482,decreto armas PSB,11/09/2019,Conclusos ao(à) Relator(a),imcamilafranco@gmail.com,http://portal.stf.jus.br/processos/abaAndamentos.asp?incidente=5674482
ADI,6127,5688755,cortes educação,16/10/2019,Despacho,imcamilafranco@gmail.com,http://portal.stf.jus.br/processos/abaAndamentos.asp?incidente=5688755
ADI,6134,5694027,decreto armas PSOL,19/09/2019,Conclusos ao(à) Relator(a),imcamilafranco@gmail.com,http://portal.stf.jus.br/processos/abaAndamentos.asp?incidente=5694027
ADI,6139,5698214,decreto armas PSB,21/11/2019,Conclusos ao(à) Relator(a),imcamilafranco@gmail.com,http://portal.stf.jus.br/processos/abaAndamentos.asp?incidente=5698214
ADI,6140,5700688,nomeações,21/08/2019,Conclusos ao(à) Relator(a),imcamilafranco@gmail.com,http://portal.stf.jus.br/processos/abaAndamentos.asp?incidente=5700688
ADI,6147,5706858,Funai,19/09/2019,Vista à PGR,imcamilafranco@gmail.com,http://portal.stf.jus.br/processos/abaAndamentos.asp?incidente=5706858
ADI,6148,5707157,Conama,10/12/2019,Petição,imcamilafranco@gmail.com,http://portal.stf.jus.br/processos/abaAndamentos.asp?incidente=5707157
ADI,6156,5718874,PDT MP Liberdade Econômica,04/09/2019,Vista à PGR,imcamilafranco@gmail.com,http://portal.stf.jus.br/processos/abaAndamentos.asp?incidente=5718874
ADI,6162,5721428,honorários procuradores,30/10/2019,Certidão,imcamilafranco@gmail.com,http://portal.stf.jus.br/processos/abaAndamentos.asp?incidente=5721428
ADI,6184,5727040,Solidariedade MP Liberdade Econômica,10/10/2019,Conclusos ao(à) Relator(a),imcamilafranco@gmail.com,http://portal.stf.jus.br/processos/abaAndamentos.asp?incidente=5727040
ADI,6193,5736662,bebida MT estádio,02/04/2020,"Publicado acórdão, DJE",imcamilafranco@gmail.com,http://portal.stf.jus.br/processos/abaAndamentos.asp?incidente=5736662
ADI,6195,5736667,bebida PR estádio,03/04/2020,"Ata de Julgamento Publicada, DJE",imcamilafranco@gmail.com,http://portal.stf.jus.br/processos/abaAndamentos.asp?incidente=5736667
ADI,6200,5738022,Goiás,06/04/2020,Pauta publicada no DJE - Plenário,imcamilafranco@gmail.com,http://portal.stf.jus.br/processos/abaAndamentos.asp?incidente=5738022
ADI,6235,5784182,OAB por estender detector metal,18/02/2020,Petição,imcamilafranco@gmail.com,http://portal.stf.jus.br/processos/abaAndamentos.asp?incidente=5784182
ADI,6236,5784525,AMB contra 11 art abuso autoridade,03/04/2020,Juntada de AR,imcamilafranco@gmail.com,http://portal.stf.jus.br/processos/abaAndamentos.asp?incidente=5784525
ADI,6238,5792373,Conamp abuso de autoridade,02/04/2020,Petição,imcamilafranco@gmail.com,http://portal.stf.jus.br/processos/abaAndamentos.asp?incidente=5792373
ADI,6239,5792383,Ajufe abuso de autoridade,06/04/2020,Vista ao AGU,imcamilafranco@gmail.com,http://portal.stf.jus.br/processos/abaAndamentos.asp?incidente=5792383
ADI,6261,5815574,SD mp contrato verde amarelo,07/04/2020,Petição,imcamilafranco@gmail.com,http://portal.stf.jus.br/processos/abaAndamentos.asp?incidente=5815574
ADI,6265,5818351,PDT mp contrato verde amarelo,07/04/2020,Petição,imcamilafranco@gmail.com,http://portal.stf.jus.br/processos/abaAndamentos.asp?incidente=5818351
ADI,6277,5826543,Witzel royalties,02/03/2020,Vista à PGR,imcamilafranco@gmail.com,http://portal.stf.jus.br/processos/abaAndamentos.asp?incidente=5826543
ADI,6279,5828258,PT reforma da previdência,02/04/2020,Petição,imcamilafranco@gmail.com,http://portal.stf.jus.br/processos/abaAndamentos.asp?incidente=5828258
ADI,6297,5840114,PTN ação regras eleitorais,03/04/2020,Vista à PGR,imcamilafranco@gmail.com,http://portal.stf.jus.br/processos/abaAndamentos.asp?incidente=5840114
ADI,6298,5840274,AMB Ajufe juiz de garantias,16/03/2020,Conclusos ao(à) Relator(a),imcamilafranco@gmail.com,http://portal.stf.jus.br/processos/abaAndamentos.asp?incidente=5840274
ADO,55,5786819,PSOL grandes fortunas,21/11/2019,Petição,imcamilafranco@gmail.com,http://portal.stf.jus.br/processos/abaAndamentos.asp?incidente=5786819
ADPF,569,5650503,Acordos leniência,13/12/2019,Petição,imcamilafranco@gmail.com,http://portal.stf.jus.br/processos/abaAndamentos.asp?incidente=5650503
ADPF,572,5658808,Fake News Rede,12/03/2020,Conclusos ao(à) Relator(a),imcamilafranco@gmail.com,http://portal.stf.jus.br/processos/abaAndamentos.asp?incidente=5658808
ADPF,581,5691348,decreto armas Rede,18/09/2019,Conclusos ao(à) Relator(a),imcamilafranco@gmail.com,http://portal.stf.jus.br/processos/abaAndamentos.asp?incidente=5691348
ADPF,582,5695546,cortes educação,15/10/2019,Vista à PGR,imcamilafranco@gmail.com,http://portal.stf.jus.br/processos/abaAndamentos.asp?incidente=5695546
ADPF,583,5696172,cortes educação,16/10/2019,Despacho,imcamilafranco@gmail.com,http://portal.stf.jus.br/processos/abaAndamentos.asp?incidente=5696172
ADPF,586,5702520,decreto armas Rede,18/09/2019,Conclusos ao(à) Relator(a),imcamilafranco@gmail.com,http://portal.stf.jus.br/processos/abaAndamentos.asp?incidente=5702520
ADPF,595,5722420,cortes educação,06/08/2019,Petição,imcamilafranco@gmail.com,http://portal.stf.jus.br/processos/abaAndamentos.asp?incidente=5722420
ADPF,600,5733808,lei londrina,02/04/2020,Conclusos ao(à) Relator(a),imcamilafranco@gmail.com,http://portal.stf.jus.br/processos/abaAndamentos.asp?incidente=5733808
ADPF,601,5734322,Rede protege Gleen,22/01/2020,Petição,imcamilafranco@gmail.com,http://portal.stf.jus.br/processos/abaAndamentos.asp?incidente=5734322
ADPF,605,5739926,Fux detruição hacker PDT,04/02/2020,"Publicação, DJE",imcamilafranco@gmail.com,http://portal.stf.jus.br/processos/abaAndamentos.asp?incidente=5739926
ADPF,613,5752906,PSB suspensão edital do Enem,28/01/2020,Conclusos ao(à) Relator(a),imcamilafranco@gmail.com,http://portal.stf.jus.br/processos/abaAndamentos.asp?incidente=5752906
ADPF,619,5772437,portaria MJ deportação sumária,24/10/2019,Conclusos ao(à) Relator(a),imcamilafranco@gmail.com,http://portal.stf.jus.br/processos/abaAndamentos.asp?incidente=5772437
ADPF,622,5774611,PGR Conanda Bolso,05/03/2020,Conclusos ao(à) Relator(a),imcamilafranco@gmail.com,http://portal.stf.jus.br/processos/abaAndamentos.asp?incidente=5774611
ADPF,623,5774620,PGR Conama Bolso,03/12/2019,Conclusos ao(à) Relator(a),imcamilafranco@gmail.com,http://portal.stf.jus.br/processos/abaAndamentos.asp?incidente=5774620
ADPF,624,5775645,PGR escola sem partido,02/04/2020,Conclusos ao(à) Relator(a),imcamilafranco@gmail.com,http://portal.stf.jus.br/processos/abaAndamentos.asp?incidente=5775645
ADPF,627,5795793,PDT anular Embraer Boing,02/12/2019,Vista à PGR,imcamilafranco@gmail.com,http://portal.stf.jus.br/processos/abaAndamentos.asp?incidente=5795793
AP,1032,5582274,Tornozeleira Dudu da Fonte,20/03/2020,Lançamento indevido,imcamilafranco@gmail.com,http://portal.stf.jus.br/processos/abaAndamentos.asp?incidente=5582274
AP,935,4766414,Acyr Gurgacz,15/10/2019,Conclusos ao(à) Relator(a),imcamilafranco@gmail.com,http://portal.stf.jus.br/processos/abaAndamentos.asp?incidente=4766414
AP,968,4886605,Maluf execução pena,12/03/2020,Vista à PGR para fins de intimação,imcamilafranco@gmail.com,http://portal.stf.jus.br/processos/abaAndamentos.asp?incidente=4886605
EP,10,4499927,Execução Pizzolato,12/03/2020,Conclusos ao(à) Relator(a),imcamilafranco@gmail.com,http://portal.stf.jus.br/processos/abaAndamentos.asp?incidente=4499927
EP,26,5727784,Acyr Gurgacz execução,09/03/2020,Conclusos ao(à) Relator(a),imcamilafranco@gmail.com,http://portal.stf.jus.br/processos/abaAndamentos.asp?incidente=5727784
HC,143641,5183497,grávidas,07/04/2020,Expedido(a),imcamilafranco@gmail.com,http://portal.stf.jus.br/processos/abaAndamentos.asp?incidente=5183497
HC,157627,5472232,anula condenação Bendine,03/04/2020,"Baixa ao arquivo do STF, Guia nº",imcamilafranco@gmail.com,http://portal.stf.jus.br/processos/abaAndamentos.asp?incidente=5472232
HC,163943,5572265,Lula ordem de alegações ONU,23/09/2019,Conclusos ao(à) Relator(a),imcamilafranco@gmail.com,http://portal.stf.jus.br/processos/abaAndamentos.asp?incidente=5572265
HC,164493,5581966,Lula suspeição Moro,06/12/2019,Conclusos ao(à) Relator(a),imcamilafranco@gmail.com,http://portal.stf.jus.br/processos/abaAndamentos.asp?incidente=5581966
HC,166373,5607116,ex-gerente Márcio Ferreira,18/03/2020,Excluído do calendário de julgamento pelo Presidente,imcamilafranco@gmail.com,http://portal.stf.jus.br/processos/abaAndamentos.asp?incidente=5607116
HC,170271,5676832,Fake News,11/03/2020,Conclusos ao(à) Relator(a),imcamilafranco@gmail.com,http://portal.stf.jus.br/processos/abaAndamentos.asp?incidente=5676832
HC,170285,5677121,Fake News ANPR,18/11/2019,Conclusos ao(à) Relator(a),imcamilafranco@gmail.com,http://portal.stf.jus.br/processos/abaAndamentos.asp?incidente=5677121
HC,170330,5678336,Fake news Paulo Chagas,16/03/2020,"Publicação, DJE",imcamilafranco@gmail.com,http://portal.stf.jus.br/processos/abaAndamentos.asp?incidente=5678336
HC,172996,5726681,anula sumula TRF4 segunda instancia,10/02/2020,"Baixa ao arquivo do STF, Guia nº",imcamilafranco@gmail.com,http://portal.stf.jus.br/processos/abaAndamentos.asp?incidente=5726681
HC,174398,5749345,Lula suspeição procuradores,02/12/2019,Conclusos ao(à) Relator(a),imcamilafranco@gmail.com,http://portal.stf.jus.br/processos/abaAndamentos.asp?incidente=5749345
HC,178596,5817275,Lula suspender apelação sítio,09/12/2019,Conclusos ao(à) Relator(a),imcamilafranco@gmail.com,http://portal.stf.jus.br/processos/abaAndamentos.asp?incidente=5817275
HC,180015,5837705,Flavio Bolsonaro,03/02/2020,"Publicação, DJE",imcamilafranco@gmail.com,http://portal.stf.jus.br/processos/abaAndamentos.asp?incidente=5837705
HC,180241,5839828,Gesivaldo Britto liberdade TJ-BA,20/02/2020,Conclusos ao(à) Relator(a),imcamilafranco@gmail.com,http://portal.stf.jus.br/processos/abaAndamentos.asp?incidente=5839828
Inq,4244,4974872,Aécio,17/01/2020,Conclusos ao(à) Relator(a),imcamilafranco@gmail.com,http://portal.stf.jus.br/processos/abaAndamentos.asp?incidente=4974872
Inq,4258,4988396,Rodrigo Maia OAS PF viu indícios,08/10/2019,Ciência,imcamilafranco@gmail.com,http://portal.stf.jus.br/processos/abaAndamentos.asp?incidente=4988396
Inq,4267,5001181,Jucá sigilo,10/03/2020,Ciência,imcamilafranco@gmail.com,http://portal.stf.jus.br/processos/abaAndamentos.asp?incidente=5001181
Inq,4325,5067185,Arquivar quadrilhao PT Gleisi PB,19/02/2020,Conclusos ao(à) Relator(a),imcamilafranco@gmail.com,http://portal.stf.jus.br/processos/abaAndamentos.asp?incidente=5067185
Inq,4382,5149704,Renan,17/03/2020,Petição,imcamilafranco@gmail.com,http://portal.stf.jus.br/processos/abaAndamentos.asp?incidente=5149704
Inq,4387,5149716,Paulinho,08/04/2020,Despacho,imcamilafranco@gmail.com,http://portal.stf.jus.br/processos/abaAndamentos.asp?incidente=5149716
Inq,4389,5149724,Renan MP pediu arquivamento,04/03/2020,"Baixa ao arquivo do STF, Guia nº",imcamilafranco@gmail.com,http://portal.stf.jus.br/processos/abaAndamentos.asp?incidente=5149724
Inq,4407,5149759,Ciro,26/03/2020,Juntada a petição nº,imcamilafranco@gmail.com,http://portal.stf.jus.br/processos/abaAndamentos.asp?incidente=5149759
Inq,4423,5149787,Aécio,17/12/2019,Expedido(a),imcamilafranco@gmail.com,http://portal.stf.jus.br/processos/abaAndamentos.asp?incidente=5149787
Inq,4431,5149802,Rodrigo Maia Odebrecht,17/09/2019,Petição,imcamilafranco@gmail.com,http://portal.stf.jus.br/processos/abaAndamentos.asp?incidente=5149802
Inq,4436,5149812,Aécio,01/04/2020,"Publicação, DJE",imcamilafranco@gmail.com,http://portal.stf.jus.br/processos/abaAndamentos.asp?incidente=5149812
Inq,4492,5182675,Renan,27/02/2020,Petição,imcamilafranco@gmail.com,http://portal.stf.jus.br/processos/abaAndamentos.asp?incidente=5182675
Inq,4513,5215401,Fernando Bezerra Coelho,08/04/2020,Deferido,imcamilafranco@gmail.com,http://portal.stf.jus.br/processos/abaAndamentos.asp?incidente=5215401
Inq,4781,5651823,Inq Fake News,07/04/2020,Despacho,imcamilafranco@gmail.com,http://portal.stf.jus.br/processos/abaAndamentos.asp?incidente=5651823
Inq,4785,5693156,Collor,20/03/2020,Expedido(a),imcamilafranco@gmail.com,http://portal.stf.jus.br/processos/abaAndamentos.asp?incidente=5693156
Inq,4789,5729549,Flordelis,04/09/2019,Expedido(a),imcamilafranco@gmail.com,http://portal.stf.jus.br/processos/abaAndamentos.asp?incidente=5729549
Inq,4800,5784494,inq Wilson Santiago,07/04/2020,Certidão,imcamilafranco@gmail.com,http://portal.stf.jus.br/processos/abaAndamentos.asp?incidente=5784494
MS,36422,5677287,Fake News ANPR,17/03/2020,Juntada de AR,imcamilafranco@gmail.com,http://portal.stf.jus.br/processos/abaAndamentos.asp?incidente=5677287
MS,36620,5747558,Eduardo Bolsonaro - embaixador EUA,29/08/2019,Intimado eletronicamente,imcamilafranco@gmail.com,http://portal.stf.jus.br/processos/abaAndamentos.asp?incidente=5747558
MS,36684,5772019,conselho Conanda,05/12/2019,Conclusos ao(à) Relator(a),imcamilafranco@gmail.com,http://portal.stf.jus.br/processos/abaAndamentos.asp?incidente=5772019
MS,36685,5772032,dep Boca Aberta conselho etica camara,17/03/2020,Conclusos ao(à) Relator(a),imcamilafranco@gmail.com,http://portal.stf.jus.br/processos/abaAndamentos.asp?incidente=5772032
MS,36824,5818583,Contarato contra mp verde amarelo,16/03/2020,Conclusos ao(à) Relator(a),imcamilafranco@gmail.com,http://portal.stf.jus.br/processos/abaAndamentos.asp?incidente=5818583
MS,36834,5823097,PT pede  suspensão policiais GLO,02/04/2020,Intimação eletrônica disponibilizada,imcamilafranco@gmail.com,http://portal.stf.jus.br/processos/abaAndamentos.asp?incidente=5823097
Pet,5738,4818180,Delação Ceará,07/04/2020,Conclusos ao(à) Relator(a),imcamilafranco@gmail.com,http://portal.stf.jus.br/processos/abaAndamentos.asp?incidente=4818180
Pet,5952,4931448,Delação Delcídio,12/02/2020,Vista à PGR,imcamilafranco@gmail.com,http://portal.stf.jus.br/processos/abaAndamentos.asp?incidente=4931448
Pet,5998,4951286,delação Andrade,26/03/2020,Vista à PGR para fins de intimação,imcamilafranco@gmail.com,http://portal.stf.jus.br/processos/abaAndamentos.asp?incidente=4951286
Pet,6121,4975655,Delação Nelson Mello,10/03/2020,Conclusos ao(à) Relator(a),imcamilafranco@gmail.com,http://portal.stf.jus.br/processos/abaAndamentos.asp?incidente=4975655
Pet,6601,5138902,Delação João Lyra,16/03/2020,"Ata de Julgamento Publicada, DJE",imcamilafranco@gmail.com,http://portal.stf.jus.br/processos/abaAndamentos.asp?incidente=5138902
Pet,6890,5156842,delação João Santana,06/04/2020,Despacho,imcamilafranco@gmail.com,http://portal.stf.jus.br/processos/abaAndamentos.asp?incidente=5156842
Pet,6901,5158957,Delação Pedro Correa,27/03/2020,"Baixa ao arquivo do STF, Guia nº",imcamilafranco@gmail.com,http://portal.stf.jus.br/processos/abaAndamentos.asp?incidente=5158957
Pet,7003,5183169,Delação JBS,07/04/2020,Expedido(a),imcamilafranco@gmail.com,http://portal.stf.jus.br/processos/abaAndamentos.asp?incidente=5183169
Pet,7210,5252964,delação Funaro,11/03/2020,Petição,imcamilafranco@gmail.com,http://portal.stf.jus.br/processos/abaAndamentos.asp?incidente=5252964
Pet,7254,5264064,delação OAS,02/04/2020,Conclusos ao(à) Relator(a),imcamilafranco@gmail.com,http://portal.stf.jus.br/processos/abaAndamentos.asp?incidente=5264064
Pet,7802,5526402,delação Palocci,27/03/2020,Petição,imcamilafranco@gmail.com,http://portal.stf.jus.br/processos/abaAndamentos.asp?incidente=5526402
Pet,7997,5601623,Marcelo Castro JBS,26/02/2020,Pauta publicada no DJE - 2ª Turma,imcamilafranco@gmail.com,http://portal.stf.jus.br/processos/abaAndamentos.asp?incidente=5601623
Pet,8059,5626564,Geddel transferência,18/02/2020,"Baixa ao arquivo do STF, Guia nº",imcamilafranco@gmail.com,http://portal.stf.jus.br/processos/abaAndamentos.asp?incidente=5626564
Pet,8261,5727737,Operação Sérgio Souza,07/04/2020,Petição,imcamilafranco@gmail.com,http://portal.stf.jus.br/processos/abaAndamentos.asp?incidente=5727737
Pet,8314,5746460,JpCunha sigilo,03/04/2020,Pauta publicada no DJE - Plenário,imcamilafranco@gmail.com,http://portal.stf.jus.br/processos/abaAndamentos.asp?incidente=5746460
Pet,8360,5764559,Delação Léo Pinheiro?,13/12/2019,Certidão,imcamilafranco@gmail.com,http://portal.stf.jus.br/processos/abaAndamentos.asp?incidente=5764559
Pet,8365,5765201,Delação Léo Pinheiro?,07/04/2020,Expedido(a),imcamilafranco@gmail.com,http://portal.stf.jus.br/processos/abaAndamentos.asp?incidente=5765201
Pet,8370,5767049,Zaratinni pede sigilo,03/12/2019,Expedido(a),imcamilafranco@gmail.com,http://portal.stf.jus.br/processos/abaAndamentos.asp?incidente=5767049
Pet,8374,5770030,revogação cautelares MarcIo Junqueira,06/04/2020,Vista à PGR para fins de intimação,imcamilafranco@gmail.com,http://portal.stf.jus.br/processos/abaAndamentos.asp?incidente=5770030
Pet,8411,5786675,Anibal Gomes,06/12/2019,Conclusos ao(à) Relator(a),imcamilafranco@gmail.com,http://portal.stf.jus.br/processos/abaAndamentos.asp?incidente=5786675
Pet,8493,5810903,Deltan suspensão CNMP,18/02/2020,Conclusos ao(à) Relator(a),imcamilafranco@gmail.com,http://portal.stf.jus.br/processos/abaAndamentos.asp?incidente=5810903
Pet,8510,5817846,Nelson Meurer pede,03/12/2019,Juntada a petição nº,imcamilafranco@gmail.com,http://portal.stf.jus.br/processos/abaAndamentos.asp?incidente=5817846
Pet,8623,5827429,Glenn Bolsonaro explique filhos,10/03/2020,"Baixa ao arquivo do STF, Guia nº",imcamilafranco@gmail.com,http://portal.stf.jus.br/processos/abaAndamentos.asp?incidente=5827429
Pet,8625,5829411,Delação Leonardo Meirelles,31/03/2020,Intimação eletrônica disponibilizada,imcamilafranco@gmail.com,http://portal.stf.jus.br/processos/abaAndamentos.asp?incidente=5829411
Rcl,24619,5015460,audios Bessias,10/10/2019,Conclusos ao(à) Relator(a),imcamilafranco@gmail.com,http://portal.stf.jus.br/processos/abaAndamentos.asp?incidente=5015460
Rcl,30372,5450144,Reclamação Lula com Carmen,18/11/2019,Conclusos ao(à) Relator(a),imcamilafranco@gmail.com,http://portal.stf.jus.br/processos/abaAndamentos.asp?incidente=5450144
Rcl,30524,5463137,João Rodrigues quer domiciliar,27/03/2020,"Baixa ao arquivo do STF, Guia nº",imcamilafranco@gmail.com,http://portal.stf.jus.br/processos/abaAndamentos.asp?incidente=5463137
Rcl,33543,5641875,Drousys acesso ação instituto Lula,18/03/2020,"Publicação, DJE",imcamilafranco@gmail.com,http://portal.stf.jus.br/processos/abaAndamentos.asp?incidente=5641875
Rcl,34367,5676537,Fake News Antagonista,14/08/2019,Expedido(a),imcamilafranco@gmail.com,http://portal.stf.jus.br/processos/abaAndamentos.asp?incidente=5676537
Rcl,34796,5694116,Cunha,02/03/2020,Pauta publicada no DJE - 2ª Turma,imcamilafranco@gmail.com,http://portal.stf.jus.br/processos/abaAndamentos.asp?incidente=5694116
Rcl,35619,5726590,OAB Polícia DF,20/11/2019,Conclusos ao(à) Relator(a),imcamilafranco@gmail.com,http://portal.stf.jus.br/processos/abaAndamentos.asp?incidente=5726590
Rcl,36679,5764639,Flavio Bolsonaro recl Coaf,07/01/2020,Juntada de AR,imcamilafranco@gmail.com,http://portal.stf.jus.br/processos/abaAndamentos.asp?incidente=5764639
Rcl,36830,5772033,prefeitura Rio obras Bela Vista,03/02/2020,Conclusos ao(à) Relator(a),imcamilafranco@gmail.com,http://portal.stf.jus.br/processos/abaAndamentos.asp?incidente=5772033
RE,1055941,5213056,Coaf,03/03/2020,Certidão,imcamilafranco@gmail.com,http://portal.stf.jus.br/processos/abaAndamentos.asp?incidente=5213056
RE,635659,4034145,Drogas,20/12/2019,Expedido(a),imcamilafranco@gmail.com,http://portal.stf.jus.br/processos/abaAndamentos.asp?incidente=4034145
RHC,162575,5551969,idosa,08/04/2020,Petição,imcamilafranco@gmail.com,http://portal.stf.jus.br/processos/abaAndamentos.asp?incidente=5551969
RHC,165557,5594722,advogado preso estupro Uberaba,26/03/2020,Conclusos ao(à) Relator(a),imcamilafranco@gmail.com,http://portal.stf.jus.br/processos/abaAndamentos.asp?incidente=5594722
SL,1232,5722940,Braskem,26/03/2020,Retirado de pauta,imcamilafranco@gmail.com,http://portal.stf.jus.br/processos/abaAndamentos.asp?incidente=5722940
SL,1252,5780050,Suspensão liminar Senado Bezerra,06/11/2019,Conclusos à Presidência,imcamilafranco@gmail.com,http://portal.stf.jus.br/processos/abaAndamentos.asp?incidente=5780050
Inq,4715,5477279,inq Sergio SOuza,28/02/2020,Expedido(a),imcamilafranco@gmail.com,http://portal.stf.jus.br/processos/abaAndamentos.asp?incidente=5477279
MS,36769,5799119,Cinco PSL mandato,10/02/2020,Conclusos ao(à) Relator(a),imcamilafranco@gmail.com,http://portal.stf.jus.br/processos/abaAndamentos.asp?incidente=5799119
MS,36648,5759564,Bolsonaro pode bloquear Twitter,05/11/2019,Conclusos ao(à) Relator(a),imcamilafranco@gmail.com,http://portal.stf.jus.br/processos/abaAndamentos.asp?incidente=5759564
Pet,8479,5807306,Oposição x Edu Ai5,04/11/2019,Conclusos ao(à) Relator(a),imcamilafranco@gmail.com,http://portal.stf.jus.br/processos/abaAndamentos.asp?incidente=5807306
Pet,8481,5807498,GreenpeacexRicardo Salles oleo,29/11/2019,Conclusos ao(à) Relator(a),imcamilafranco@gmail.com,http://portal.stf.jus.br/processos/abaAndamentos.asp?incidente=5807498
Inq,4707,5461011,JBS 40 milhoes,07/04/2020,Conclusos ao(à) Relator(a),imcamilafranco@gmail.com,http://portal.stf.jus.br/processos/abaAndamentos.asp?incidente=5461011
AC,4427,5726007,operação MDB,01/04/2020,Petição,imcamilafranco@gmail.com,http://portal.stf.jus.br/processos/abaAndamentos.asp?incidente=5726007
SS,5340,5831283,reforma da previdência de SP,31/03/2020,Vista à PGR,imcamilafranco@gmail.com,http://portal.stf.jus.br/processos/abaAndamentos.asp?incidente=5831283
Pet,8351,5759641,impeachment Ricardo Salles,12/12/2019,Pauta publicada no DJE - Plenário,imcamilafranco@gmail.com,http://portal.stf.jus.br/processos/abaAndamentos.asp?incidente=5759641
Pet,8497,5812617,ABI Bolsonaro obstrução,31/03/2020,"Baixa ao arquivo do STF, Guia nº",imcamilafranco@gmail.com,http://portal.stf.jus.br/processos/abaAndamentos.asp?incidente=5812617
Pet,8485,5808590,Petistas Bolsonaro obstrução ,10/02/2020,"Baixa ao arquivo do STF, Guia nº",imcamilafranco@gmail.com,http://portal.stf.jus.br/processos/abaAndamentos.asp?incidente=5808590
Inq,4805,5810794,novo inq Acir Gurgacz,13/02/2020,Expedido(a),imcamilafranco@gmail.com,http://portal.stf.jus.br/processos/abaAndamentos.asp?incidente=5810794
Inq,4806,5815691,Inq presidencia da Câmara,09/03/2020,Certidão,imcamilafranco@gmail.com,http://portal.stf.jus.br/processos/abaAndamentos.asp?incidente=5815691
MS,36814,5815042,ANPR contra decisao Toffoli Coaf,18/11/2019,Conclusos ao(à) Relator(a),imcamilafranco@gmail.com,http://portal.stf.jus.br/processos/abaAndamentos.asp?incidente=5815042
ADI,6262,5817441,MP Dpvat,10/02/2020,Petição,imcamilafranco@gmail.com,http://portal.stf.jus.br/processos/abaAndamentos.asp?incidente=5817441
Pet,8480,5807359,delação Sérgio Cabral ?,06/04/2020,Conclusos ao(à) Relator(a),imcamilafranco@gmail.com,http://portal.stf.jus.br/processos/abaAndamentos.asp?incidente=5807359
Pet,8482,5807542,delação Sérgio Cabral ?,06/04/2020,Expedido(a),imcamilafranco@gmail.com,http://portal.stf.jus.br/processos/abaAndamentos.asp?incidente=5807542
ADI,6188,5731024,reforma trabalhista,06/02/2020,Conclusos ao(à) Relator(a),imcamilafranco@gmail.com,http://portal.stf.jus.br/processos/abaAndamentos.asp?incidente=5731024
HC,180220,5839702,genro desembargadora TJBA liberdade,07/04/2020,Expedido(a),imcamilafranco@gmail.com,http://portal.stf.jus.br/processos/abaAndamentos.asp?incidente=5839702
HC,180260,5839927,liberdade Adailton consul,06/04/2020,Comunicação assinada,imcamilafranco@gmail.com,http://portal.stf.jus.br/processos/abaAndamentos.asp?incidente=5839927
HC,180284,5840071,liberdade secret TJ Bahia,19/02/2020,Conclusos ao(à) Relator(a),imcamilafranco@gmail.com,http://portal.stf.jus.br/processos/abaAndamentos.asp?incidente=5840071
MS,36881,5840166,MS da MP 914 escolha reitores,27/03/2020,"Baixa ao arquivo do STF, Guia nº",imcamilafranco@gmail.com,http://portal.stf.jus.br/processos/abaAndamentos.asp?incidente=5840166
ADI,6299,5840373,ADI Podemos Cidadania juiz garantias,17/03/2020,Remessa,imcamilafranco@gmail.com,http://portal.stf.jus.br/processos/abaAndamentos.asp?incidente=5840373
HC,180229,5839765,HC Calvário Márcio Nogueira Vignoli,11/03/2020,"Baixa ao arquivo do STF, Guia nº",imcamilafranco@gmail.com,http://portal.stf.jus.br/processos/abaAndamentos.asp?incidente=5839765
HC,180261,5839928,HC Calvário José Arthur Viana Teixeira pede liberdade,10/03/2020,"Baixa ao arquivo do STF, Guia nº",imcamilafranco@gmail.com,http://portal.stf.jus.br/processos/abaAndamentos.asp?incidente=5839928
HC,180269,5839963,HC Calvário Coriolano Coutinho,10/03/2020,"Baixa ao arquivo do STF, Guia nº",imcamilafranco@gmail.com,http://portal.stf.jus.br/processos/abaAndamentos.asp?incidente=5839963
HC,180272,5840005,HC Calvário Valdemar Abdalla,31/03/2020,"Baixa ao arquivo do STF, Guia nº",imcamilafranco@gmail.com,http://portal.stf.jus.br/processos/abaAndamentos.asp?incidente=5840005
HC,180275,5840026,HC Calvário Vladimir dos Santos Neiva,02/04/2020,"Baixa ao arquivo do STF, Guia nº",imcamilafranco@gmail.com,http://portal.stf.jus.br/processos/abaAndamentos.asp?incidente=5840026
HC,180283,5840069,HC Calvário Waldson Dias de Souza,02/04/2020,Juntada de AR,imcamilafranco@gmail.com,http://portal.stf.jus.br/processos/abaAndamentos.asp?incidente=5840069
HC,180316,5840203,HC Calvário Bruno Caldas,04/03/2020,"Baixa ao arquivo do STF, Guia nº",imcamilafranco@gmail.com,http://portal.stf.jus.br/processos/abaAndamentos.asp?incidente=5840203
ADI,6254,5814691,Anadep reforma previdência,02/04/2020,Petição,imcamilafranco@gmail.com,http://portal.stf.jus.br/processos/abaAndamentos.asp?incidente=5814691
ADI,6255,5814692,AMB ANPR ANPT Conamp ref previdencia,02/04/2020,Petição,imcamilafranco@gmail.com,http://portal.stf.jus.br/processos/abaAndamentos.asp?incidente=5814692
ADI,6256,5814703,AMB ANPR ANPT Conamp ref previdencia,02/04/2020,Petição,imcamilafranco@gmail.com,http://portal.stf.jus.br/processos/abaAndamentos.asp?incidente=5814703
ADI,6258,5814708,Ajufe reforma previdência,02/04/2020,Petição,imcamilafranco@gmail.com,http://portal.stf.jus.br/processos/abaAndamentos.asp?incidente=5814708
ADI,6300,5840552,PSL juiz de garantias,17/03/2020,Remessa,imcamilafranco@gmail.com,http://portal.stf.jus.br/processos/abaAndamentos.asp?incidente=5840552
ADI,6271,5822257,Reforma Previdência Anfip,02/04/2020,Petição,imcamilafranco@gmail.com,http://portal.stf.jus.br/processos/abaAndamentos.asp?incidente=5822257
HC,180360,5840505,operação Paraíba LNL,18/02/2020,"Baixa ao arquivo do STF, Guia nº",imcamilafranco@gmail.com,http://portal.stf.jus.br/processos/abaAndamentos.asp?incidente=5840505
ACO,3328,5834934,Estados pedindo FNSP,06/04/2020,Intimado eletronicamente,imcamilafranco@gmail.com,http://portal.stf.jus.br/processos/abaAndamentos.asp?incidente=5834934
Rcl,38782,5841915,Netflix porta dos fundos,06/04/2020,Petição,imcamilafranco@gmail.com,http://portal.stf.jus.br/processos/abaAndamentos.asp?incidente=5841915
ADPF,643,5840807,PSD substitui juíza Selma,25/03/2020,Conclusos ao(à) Relator(a),imcamilafranco@gmail.com,http://portal.stf.jus.br/processos/abaAndamentos.asp?incidente=5840807
ADPF,644,5841458,Governo Mt substitui juíza selma,24/03/2020,Conclusos ao(à) Relator(a),imcamilafranco@gmail.com,http://portal.stf.jus.br/processos/abaAndamentos.asp?incidente=5841458
HC,180497,5841809,Marcelo miranda,03/03/2020,"Baixa ao arquivo do STF, Guia nº",imcamilafranco@gmail.com,http://portal.stf.jus.br/processos/abaAndamentos.asp?incidente=5841809
HC,180340,5840353,Hc calvário Denise Pahim,11/03/2020,"Baixa ao arquivo do STF, Guia nº",imcamilafranco@gmail.com,http://portal.stf.jus.br/processos/abaAndamentos.asp?incidente=5840353
HC,180397,5840731,Hc calvário Gilberto gama,10/03/2020,"Baixa ao arquivo do STF, Guia nº",imcamilafranco@gmail.com,http://portal.stf.jus.br/processos/abaAndamentos.asp?incidente=5840731
ADPF,645,5842611,Podemos contra cheque especial,24/03/2020,Conclusos ao(à) Relator(a),imcamilafranco@gmail.com,http://portal.stf.jus.br/processos/abaAndamentos.asp?incidente=5842611
Pet,8637,5831477,decisões cautelares wilson santiago,07/04/2020,Conclusão (art. 38 do RISTF),imcamilafranco@gmail.com,http://portal.stf.jus.br/processos/abaAndamentos.asp?incidente=5831477
ADI,6304,5843708,Abracrim contra o pacote anticrime,02/03/2020,Conclusos ao(à) Relator(a),imcamilafranco@gmail.com,http://portal.stf.jus.br/processos/abaAndamentos.asp?incidente=5843708
ADI,6305,5844852,Conamp contra juiz de garantias e pacote anticrime,17/03/2020,Conclusos ao(à) Relator(a),imcamilafranco@gmail.com,http://portal.stf.jus.br/processos/abaAndamentos.asp?incidente=5844852
AP,1030,5491240,progressão Geddel,07/04/2020,Vista à PGR para fins de intimação,imcamilafranco@gmail.com,http://portal.stf.jus.br/processos/abaAndamentos.asp?incidente=5491240
RE,1251649,5836569,Petrobras processo trabalhista bilionário,07/01/2020,Conclusos ao(à) Relator(a),imcamilafranco@gmail.com,http://portal.stf.jus.br/processos/abaAndamentos.asp?incidente=5836569
ADI,6306,5846950,PGR contra MP Programa Verde Amarelo,03/04/2020,Conclusos ao(à) Relator(a),imcamilafranco@gmail.com,http://portal.stf.jus.br/processos/abaAndamentos.asp?incidente=5846950
